User,Password

a,abd37534c7d9a2efb9465de931cd7055ffdb8879563ae98078d6d6d5
a,abd37534c7d9a2efb9465de931cd7055ffdb8879563ae98078d6d6d5
a,abd37534c7d9a2efb9465de931cd7055ffdb8879563ae98078d6d6d5
b,c681e18b81edaf2b66dd22376734dba5992e362bc3f91ab225854c17
a,abd37534c7d9a2efb9465de931cd7055ffdb8879563ae98078d6d6d5
a,abd37534c7d9a2efb9465de931cd7055ffdb8879563ae98078d6d6d5
a,abd37534c7d9a2efb9465de931cd7055ffdb8879563ae98078d6d6d5
c,1053463d383dc1e87f06fff34b3c6a2d340d91e184d46d70144ffa5a
x,54a2f7f92a5f975d8096af77a126edda7da60c5aa872ef1b871701ae
a,abd37534c7d9a2efb9465de931cd7055ffdb8879563ae98078d6d6d5
a,abd37534c7d9a2efb9465de931cd7055ffdb8879563ae98078d6d6d5
x,54a2f7f92a5f975d8096af77a126edda7da60c5aa872ef1b871701ae
a,abd37534c7d9a2efb9465de931cd7055ffdb8879563ae98078d6d6d5
a,abd37534c7d9a2efb9465de931cd7055ffdb8879563ae98078d6d6d5
a,abd37534c7d9a2efb9465de931cd7055ffdb8879563ae98078d6d6d5
